nome,sexo
tolmai,M
rachid,M
timeu,M
barnaby,M
macedon,M
tamuz,M
inca,M
evita,F
alíria,F
russell,M
oscar,M
dione,F
kaique,M
atreu,M
gaila,F
aeron,F
acília,F
manuele,M
graciela,F
kiara,F
gina,F
tsunade,F
ubiracema,F
valério,M
retama,M
emanuela,F
bark,M
damon,M
débora,F
eric,M
gavina,F
germain,M
natanael,M
aricema,F
rosalba,F
yachne,M
pelágio,M
antistenes,M
eçai,F
dídimo,M
edite,F
suriel,F
goulart,M
filareto,M
macaon,M
caitria,F
joaquim,M
cleusa,F
lambert,M
soleon,M
tomaso,M
elbia,F
owena,F
deimos,M
werner,M
nabucodonosor,M
ethan,M
enos,M
bolina,F
marcelina,F
bacuara,M
nívea,F
isis,F
paul,M
irani,F
alderita,F
parísio,M
mahafara,M
armênio,M
lopeka,F
bell,F
iúna,F
menipo,M
oliveira,M
meire,F
miraglia,F
antje,F
perilo,M
stefany,F
ribamar,M
evelina,F
quiromeu,M
rain,M
nona,F
xafic,M
kermit,M
lísis,M
régulo,M
zion,M
remo,M
siv,F
quintus,M
ranulfo,M
armia,F
hanom,M
elmira,F
rosivalda,F
bob,M
zara,F
sáber,M
felisberto,M
alba,F
tecla,F
malika,F
rosina,F
pascal,M
yara,F
cario,M
rosamaria,F
pallas,F
wilma,F
lourival,M
argos,M
raria,F
scarlet,F
galeso,M
henedina,F
talita,F
paulino,M
artêmio,M
ubiraci,M
aguimar,M
casimiro,M
yegor,M
polyanna,F
nelly,F
mallory,F
amósia,F
farida,F
iracema,F
jano,M
karol,F
nilson,M
keopele,M
cásper,M
marcel,M
raiane,F
carídoto,M
sven,M
khloe,F
ladão,M
sophie,F
lara,F
jorge,M
jonathan,M
shuichi,M
amanacy,F
blandina,F
lindoia,F
filiberto,M
lidiane,F
antoniete,F
moura,M
raul,M
heneliaka,M
marcolina,F
grajaú,M
brunhilde,F
eliú,M
lahanau,M
alcipe,F
dilermando,M
edmílson,M
enedina,F
marvel,F
perato,M
jacicoê,M
menon,M
edinéia,F
duda,F
clóvis,M
kurama,M
maceió,M
esequiel,M
darwin,M
aônia,F
kola,M
naindí,M
ventura,M
alceu,M
estélio,M
helmut,M
acalântis,F
lapa,M
carmem,F
lakshmi,F
genivaldo,M
anael,M
gladyr,F
rufo,M
edgard,M
felicity,F
anouk,F
kirk,M
maricília,F
kevin,M
afrodite,F
rebekah,F
welington,M
ihilane,M
sidney,M
marco,M
ank,F
izabel,F
favorino,M
praxedes,M
catrina,F
ren,M
anacleto,M
farid,M
joão,M
márica,F
andrew,M
labda,F
agripa,F
símaco,M
xuan,F
dieudoneé,M
rosita,F
ubaúna,M
eden,M
aidoneus,M
juliane,F
guilhermina,F
eufrásia,F
líbia,F
kakalina,F
pio,M
hedda,F
naira,F
heron,M
victorine,M
dimitri,M
taíssa,F
dinah,F
jordan,M
basilindo,M
chelsea,F
avati,M
forel,M
segismundo,M
dandara,F
eumênis,M
paraopeba,M
willian,M
stefan,M
ferônia,F
borislav,M
analu,F
arquibaldo,M
cefeu,M
idmon,M
timandra,F
ibirajara,M
dakota,F
karolina,F
alejandra,F
alita,F
airetama,F
mona,F
angélico,M
zenóbio,M
elá,M
brites,F
agnato,M
guida,F
pandoro,M
berto,M
anárcase,F
araribóia,M
quirá,F
kami,F
erotides,F
ebe,F
garnier,M
adalelmo,M
eleakim,M
nicolette,M
greca,F
linei,F
gareth,F
samira,F
talarico,M
hekewika,F
matteo,M
marilene,F
kai,M
valesca,F
eike,M
jubal,M
manfredo,M
aleit,F
padilha,M
otávio,M
odorico,M
apolonios,M
vinola,F
amalberga,F
churi,F
oivário,M
tadeu,M
antonin,M
mendel,M
tainara,F
hedviges,F
maximilienne,F
lokene,M
hian,M
valentino,M
sol,F
tiana,F
hermínia,M
jocelim,M
otílio,M
marlene,F
chaim,M
winnie,F
idálio,M
lima,M
déia,F
hidalgo,M
debbie,F
cora,F
máder,M
josi,F
cesarina,F
lauro,M
amonati,M
fiona,F
romeo,M
rudolfo,M
eda,F
jhonatan,M
rivaldo,M
mandy,F
lucíolo,M
epimênides,M
kyung-soon,F
seth,M
washington,M
belfort,F
christer,M
malva,F
dórida,F
onésio,M
yanni,M
demétria,F
aixa,F
antítio,M
tábata,F
aquiles,M
fuad,M
manoela,F
garib,M
elika,F
francelino,M
montgomery,M
letícia,F
lucélia,F
laval,M
abel,M
anadir,F
edmond,M
gwen,F
pacaembú,M
boyrá,F
drímaco,M
chilon,M
itacira,F
joseline,F
nênia,F
ednalva,F
stela,F
lídia,F
jafar,M
pei,F
jenifer,F
dib,M
diomara,F
miyako,M
mariana,F
vanusa,F
marianne,F
hazel,M
giselle,F
matuzalém,M
girani,F
marjory,F
thays,F
conrad,M
germano,M
marizete,F
vadim,M
zada,F
cleonte,M
olavo,M
aloá,F
graciane,F
mercedes,F
etama,F
augusta,F
eleazar,M
acelino,M
cafira,F
ofir,M
glicério,M
assuero,M
jovito,M
amanayara,F
waltrode,M
stephanie,F
galates,M
silvester,M
hulda,F
maitê,F
viridiana,F
brenho,M
nancy,F
árcade,M
marlus,M
kakali,M
leonice,M
neófita,F
noemia,F
kaspar,M
eloise,F
juvenal,M
presley,M
orpheu,M
toante,M
dulcie,F
eurodo,M
ranald,M
jasão,M
baio,M
xanthus,M
jaques,M
isidro,M
ibraim,M
wanderley,M
sóstenes,M
kari,F
ácmon,M
giullia,F
waldir,M
lamona,F
egil,M
ricardo,M
elvino,M
dóris,M
sigefredo,M
nirvana,F
veridiana,F
arati,M
tácio,M
jacinir,M
aidil,M
luara,F
mirthes,M
rachel,F
nanã,F
ulva,M
acindina,F
juatama,F
iraci,F
ifigênio,M
cole,M
eucles,M
yancy,M
hilbert,M
hubert,M
gwineth,F
kameahookohoia,M
madelina,F
arlene,F
irenia,F
donato,M
aléia,F
balbina,F
ilca,F
zânia,F
macedônio,M
keila,F
ronildo,M
keefe,M
paranhos,M
milena,F
salústio,M
ben,M
peggy,F
acaco,M
argemiro,M
argira,F
elke,F
valdeci,M
benevenuto,M
arrigo,M
yoná,F
ubana,F
ives,M
laurence,M
lênis,M
ampliato,M
vilasboas,M
nery,M
quintino,M
alanna,F
dicéia,F
iglesias,M
hartwig,M
gigi,F
benta,F
fagundo,M
simpliciano,M
aristotelina,F
virgília,F
letice,F
aguilara,F
egeu,M
sílvia,F
gabala,F
garrido,M
helge,M
oscarina,F
argemira,F
creuza,F
everaldo,M
zoé,F
gedão,M
saul,M
pilar,F
araruna,M
sucupira,F
joatã,M
carly,F
lotis,F
moi,M
aristarco,M
delano,M
valda,F
julieta,F
zélio,M
aretusa,F
júnia,F
thara,F
garret,M
dolabela,M
hiram,M
rogato,M
arésio,M
arajuba,M
lysandra,F
wilmara,F
eriberto,M
travis,M
espártaco,M
antídio,M
adalfreda,F
flamínio,M
kaio,M
wladis,F
maressa,F
onélio,M
yacamin,M
jailton,M
kássia,F
chrysanta,F
claudina,F
khyara,F
wolfgang,M
ludgero,M
zeno,M
kazuo,M
soares,M
bartolo,M
eleonor,F
morgana,F
cinzia,F
bismark,M
ibirajá,M
adrian,M
clarina,F
altéia,F
clayton,M
ruan,M
abundâncio,M
queli,F
assur,M
cleômedes,M
dídima,F
agliberto,M
lelitia,F
oka,M
connie,F
izilcara,F
jerônimo,M
alcmena,F
morgan,M
ariele,F
menahem,M
cinara,F
malori,F
nahim,M
policasta,F
lumiana,F
florêncio,M
lamberto,M
ítalo,M
laudálio,M
badin,M
keke,F
manaoio,M
nabal,M
arrais,M
florisbela,F
annie,F
luciane,F
ilíone,F
marisol,F
jim,M
altevira,F
rolando,M
felicienne,F
alma,F
carmeliano,M
gleison,M
tiffany,F
niels,M
vigílio,M
zebilon,M
urbanus,M
chede,F
gaio,M
cherry,F
jeanine,F
lilsa,F
nady,F
léia,F
celandine,F
badi,M
nair,F
anselmina,F
névio,M
bélgio,M
christian,M
jeferson,M
agustin,M
kailina,F
bibiana,F
galadriel,F
dejanir,F
tatsuo,M
romeiro,M
erasmo,M
ataulfo,M
eduarda,F
piero,M
nicollas,M
agilulfo,M
valdemir,M
grazia,F
palona,M
teodolinda,F
eora,F
rodolfo,M
clinton,M
vadenberg,M
ubandara,M
wanda,F
clodomiro,M
thatiana,F
lopes,M
laureana,F
ecira,F
sueli,F
tarsílio,M
urtigão,M
gábrio,M
acates,M
itajuí,M
isabelly,F
nei,M
caroline,F
lilian,F
idalina,F
estéfanas,M
idália,F
atílio,M
adari,M
anchieta,M
elizandra,F
elato,M
marana,F
kenneth,M
nycolas,M
haydée,F
venus,F
victória,F
vanda,F
berthe,F
acácio,M
ciaran,M
fonseca,M
baldomero,M
jordana,F
salatiel,M
althaia,F
joseph,M
gail,F
polímela,F
ximen,M
vitor,M
periclésia,M
jaçara,F
lemoine,M
basileu,M
cadmo,M
aedona,F
semíramis,F
trajano,M
hercílio,M
epícares,M
norberto,M
teddy,M
raimundo,M
kéfera,F
perseu,M
elmer,M
fúlvio,M
seamus,M
teixeira,M
antianira,F
gladis,F
arquimedes,M
hamish,M
mauarí,M
crispo,M
paiva,M
marley,M
tecobiara,M
vesta,M
adeona,F
thamires,F
xafik,M
anto,M
damiano,M
rose,F
caramuru,M
micaela,F
kaleb,M
ludovica,F
holda,F
anuar,M
válter,M
heródoto,M
hadassa,F
sakura,F
leandro,M
edilson,M
zahra,F
rivadávia,F
glicéria,F
zephan,M
perci,M
pierluigi,M
mória,F
brochado,M
érico,M
febe,F
teçá,M
somína,F
liki,F
generosa,F
lâmia,F
wilson,M
reinaldo,M
régis,M
hava,F
pelegrino,M
antoine,M
mirza,F
mollie,M
aca,F
violetta,F
elias,M
elaine,F
aurélio,M
xamã,M
everson,M
adão,M
zuleica,F
lilith,F
donatienne,F
zoraide,F
caliméria,F
firminiano,M
krishna,F
graciete,F
ivanhoé,M
natalino,M
valquíria,F
susete,F
souza,M
odílio,M
jacimira,M
kent,M
liberato,M
anunciação,F
landim,M
isabella,F
andrônico,M
eirapuã,F
nazária,F
quixote,M
aagje,F
remédios,M
oricema,F
yan,M
zenite,M
barbacena,M
apolina,F
ester,F
anninka,F
héber,M
islena,F
zilma,F
rozala,F
eudes,M
adoniram,M
arionte,M
mab,F
ednaldo,M
euler,M
albarino,M
eidil,M
eliasoé,M
edoardo,M
gabriel,M
mantovani,M
agar,F
fabiana,F
draco,M
hegla,F
skipp,M
jacimar,F
arnulfo,M
césar,M
havilah,M
raissa,F
aluísio,M
galileu,M
aldaíra,F
martins,M
harpina,F
fátuo,M
jordão,M
ivã,M
aníbal,M
marques,M
magalhães,M
paloma,F
aisó,F
azael,M
naida,F
shinichi,M
aguinaldo,M
quentin,M
itapema,F
richard,M
úlima,F
cassarah,F
pace,M
martinho,M
basil,M
kieran,M
adroaldo,M
ildefonso,M
déa,F
daiana,F
rhuan,M
floide,F
lua,F
kiichi,M
anemone,F
rildo,M
hayden,M
kotaro,M
marva,F
kelika,F
lucineide,F
casimir,M
naomi,F
edivânia,F
durval,M
eleanor,F
quaraciama,F
aneci,F
dinorá,F
carina,F
antoinette,F
ednei,M
lavínea,F
honorato,M
africano,M
bambuí,F
munir,M
adosinda,F
lindomar,M
magna,F
poguira,F
filodemo,M
lenice,F
simplício,M
emanuel,M
toby,M
benigna,F
oderico,M
rossi,M
greta,F
enoque,M
feba,F
gracinaldo,M
luciana,F
eulino,M
donátila,F
marilena,F
avalon,F
thaís,F
edênica,F
gílson,M
ceressa,F
abud,M
ekewaka,M
arminda,F
jacinto,M
alderiva,F
nico,M
juventino,M
astéria,F
aleluia,F
camarão,M
giovana,F
zelmira,F
michel,M
otacílio,M
albornoz,M
ubajara,M
itambé,M
júpiter,M
rode,M
edvar,M
ébano,M
solomão,M
hildeberto,M
laio,M
ilka,F
ambrósia,F
muniz,M
jorie,M
guaraci,F
alison,F
salete,F
nerina,F
ted,M
alda,F
vilarinho,M
ozires,M
alícia,F
palmira,F
mariano,M
gonçalves,M
euclides,M
almiro,M
íris,F
delta,F
eurides,F
floriano,M
pantéia,F
vicki,M
myrella,F
bromberg,M
ewerthon,M
naná,F
javaé,M
akira,M
dália,F
janarí,F
gerânia,F
iana,F
jannike,M
dona,F
róbinson,M
ioana,F
inaiê,F
scherer,M
josafá,M
octávia,F
pasini,M
clemente,M
brício,M
rurina,F
dicéa,F
amintor,M
chandler,M
leidiane,F
berthold,M
jennifer,F
jaci,F
ronny,M
rosalvo,M
sabiniano,M
rahyssa,F
cristino,M
dáscilo,M
allegra,F
theodoro,M
valdirene,F
filippo,M
isnar,M
realengo,M
kitty,F
gália,F
lekinala,F
ateneu,M
acemiro,M
igor,M
bela,F
emílio,M
anis,F
neon,M
queila,F
dulcilene,F
geraldino,M
lucrécia,F
kim,F
barbosa,F
efrém,M
calídice,F
chester,M
hálima,F
baldo,M
tristão,M
luther,M
beth,F
ananda,F
lívia,F
marshal,M
eulália,F
anthea,F
jardine,M
plínio,M
barnabas,M
alano,M
isra,F
núbia,F
keane,M
divinalda,F
paolo,M
manualdo,M
sofrônio,M
lívio,M
domício,M
rêmulo,M
dina,F
floro,M
baco,M
serrão,M
byron,M
berilo,M
suzy,F
éder,M
misael,M
neal,M
bádui,M
ualri,M
goulard,M
itápolis,M
brígido,M
zaynab,F
konia,F
linus,M
elói,M
arlete,F
rúbio,M
belquis,M
unígena,F
jurecê,M
eileen,F
dagny,F
chantal,M
adaliah,M
aldomiro,M
josé,M
assaradon,M
bernardo,M
himeneu,M
lacerda,F
alarico,M
ozzy,M
neriah,F
kylie,F
saladino,M
cleyton,M
adrianna,F
tarcão,M
asael,M
branco,M
hérica,F
ibotirama,F
apollinairis,M
rian,M
tabira,F
donatello,M
neda,F
deva,F
bertagnoli,M
diego,M
thomas,M
javier,M
odélia,F
itaperuna,F
nise,F
alam,M
eli,M
melisa,F
berardo,M
hanâni,F
julianne,F
marinete,F
odila,F
fedato,M
collet,M
rayssa,F
corin,F
ecleu,M
neandro,M
duarte,M
colomba,F
sinfrônio,M
agnelo,M
palaka,M
lisarte,M
tersa,F
celina,F
virna,F
bonifante,M
roger,M
maciel,M
estácia,F
goiana,F
élvio,M
hamon,M
almáquio,M
ladária,F
zarah,F
xanthe,M
karine,F
balboa,M
wana,F
malka,F
aprígio,M
lys,F
furlan,M
margot,F
calix,F
anco,M
zachary,M
jerusha,F
caubi,M
nohouka,M
betel,F
thales,M
kuarashí,F
xadai,M
deocleciano,M
joannes,F
ariano,M
robin,M
assunção,M
aristéia,F
dalvina,F
sidônio,M
paneki,F
minna,F
efrata,F
ryan,M
judá,M
hans,M
satoru,M
uriel,M
leonel,M
pakile,M
lauda,F
jacob,M
mozart,M
arouche,M
clementino,M
leide,F
sálvio,M
catarina,F
sertório,M
avis,M
eufêmia,F
mariah,F
alberta,F
elzira,F
enid,F
ramona,F
anelise,F
eusébio,M
ubá,M
barry,F
ligório,M
ibaré,M
erval,M
barac,M
theo,M
adalfrida,F
makelina,F
herculano,M
lucíola,F
cláudia,F
biron,M
darlene,F
gwenda,F
gabínio,M
omã,M
antoni,M
vougan,M
garibaldi,M
éton,M
mirtos,M
mirabel,F
anselme,F
flausino,M
almeidna,F
pavel,M
araípe,M
ramsés,M
tércia,F
estevão,M
luna,F
adom,M
ado,M
dárcio,M
josélia,F
alekona,F
itanema,F
cábira,F
armelinda,F
oton,M
nathan,M
marcial,M
suzana,F
alcina,F
meir,M
elam,M
neófito,M
concepcion,F
jemima,F
sila,F
bárbara,F
hiroki,M
maiara,F
giane,F
gaudêncio,M
giovanna,F
géia,F
pompéia,F
edson,M
epêneto,M
melca,F
eirati,F
higino,M
cicreu,M
gertrudes,F
pakelekia,F
tim,M
pelópidas,M
maristela,F
keaka,F
orestes,M
isabele,F
rossini,M
pítane,M
lionel,M
remígio,M
dagmara,F
charna,F
gersam,F
jandaia,F
tenório,M
camel,M
eunice,F
lafontaine,F
welton,M
sasuke,M
kendall,F
délio,M
raíra,F
airy,M
máximus,M
palamedes,M
afife,F
arsione,F
alcino,M
latóya,F
rodrigues,M
canuto,M
alice,F
bonnie,F
akele,F
acabe,M
michelangelo,M
mirabele,F
micael,M
adora,F
tyson,M
balduíno,M
josenilda,F
murillo,M
edmundo,M
motta,M
dilza,F
hércules,M
oduíno,M
néia,F
brenda,F
laiane,F
aspásio,M
xena,F
morrice,M
brígida,F
simeão,M
kathleen,F
astaroth,M
adamastor,M
eginardo,M
azair,M
susanae,F
henoque,M
mater,M
kátia,F
rodel,M
toledo,M
susanne,F
branka,F
melpone,F
cleonie,M
evaisto,M
josué,M
ireneu,M
amós,M
judi,F
leo,M
marcus,M
juruna,F
aparícia,F
marc,M
adélio,M
marinho,M
gabrieli,F
felismino,M
máxima,F
ansur,M
jênie,F
ufente,M
ceci,F
demeter,F
rebelo,M
benícia,F
jaziel,M
jutta,F
aderaldo,M
rodusino,M
reuben,M
edvino,M
bensabat,M
katherine,F
jaboatão,M
clothilde,F
evellyn,F
aylla,F
acúrcio,M
koni,M
aruna,M
naiane,F
calíope,F
dakarai,F
antálcidas,M
scott,M
heros,M
wapasha,M
jona,M
andréia,F
guaraciaba,F
camron,M
babete,F
karoline,F
atalia,F
onias,M
lila,F
karen,F
agostina,F
kabir,M
joseane,F
selena,F
chiara,F
caturama,F
yohanna,F
tertuliano,M
eufena,F
abelardo,M
luísa,F
adelbar,M
diocleciano,M
bartolomeu,M
telêmaco,M
quintiliano,M
ajira,F
guinete,F
isa,F
pocema,F
abraão,M
valdo,M
evangeline,F
adriele,F
anne,F
radmila,F
accioli,M
josias,M
azucena,F
orson,M
teçaberaba,M
vitória,F
ameríndia,F
esme,F
conrado,M
cid,M
lísias,M
perla,F
aguilar,M
kemilly,F
violante,M
antíope,M
kedar,M
kinderman,M
acteão,M
sileno,M
nadi,F
umarama,F
valdete,F
kamadeva,M
fegeu,M
mera,F
dioros,M
imelde,F
isao,M
domingas,F
rodrigo,M
constância,F
josemar,M
manjusha,F
cáulon,M
perpétuo,M
getúlio,M
jailson,M
milene,F
sthefanny,F
sete,M
sebastian,M
marielsa,F
graça,F
nakine,F
jupi,M
agelau,M
fabrícia,F
cairu,F
gelmires,M
riberto,M
louis,M
newton,M
eliete,F
griselda,F
relinde,M
maida,F
wiki,F
fátima,F
dení,M
guaratinga,F
cardoso,M
nimbus,M
jenifari,F
zemina,F
halola,F
alzilene,M
evandro,M
geovana,F
anselmo,M
obiru,M
melvina,F
celso,M
deusdedit,M
kanji,M
petra,F
maricí,F
agesilau,M
vera,F
laudália,F
kemp,M
jocelin,M
lázaro,M
júnio,M
ituriel,M
vero,M
zeto,M
arquelau,M
chang,M
adalberon,M
kalil,M
sátiro,M
antigowa,M
karin,F
francesca,F
carla,F
damaceno,M
pânfilo,M
patsy,M
cupido,M
amapola,F
ari,M
scheyla,F
galhardo,M
ebraim,M
volker,M
ganimedes,M
jaire,M
barbela,F
zebadiah,M
alene,F
hilária,F
marcilene,F
angélica,F
imamaiah,M
elmara,F
sartori,M
ascânio,M
agamedes,M
aparecida,F
enery,F
matusalém,M
aécio,M
leila,F
taía,F
diadema,F
leonie,M
kristofer,M
kanope,M
horton,M
pane,F
glauce,F
keamuka,M
heidi,F
quincas,M
safira,F
aldevina,F
kolomona,M
ierê,F
aparecido,M
anhaia,F
hassan,M
roderick,M
carmelinda,F
donga,M
pantoja,M
éderson,M
zelenka,F
agapanto,M
cordel,M
noélia,F
oldaíra,F
wanderson,M
túlio,M
peri,M
alenica,F
kaled,M
lélia,F
farah,F
magino,M
clarisse,F
zenon,M
ludolfo,M
mourão,M
hilma,F
nazário,M
afrodísio,M
natal,M
jaciendi,M
aricina,F
mara,F
semira,F
soraia,F
dmitry,M
shira,F
lorrane,M
vergueiro,M
banábil,F
álvaro,M
maximiliana,F
brandon,M
sídnei,M
karolyn,F
nabor,M
adalvino,M
deise,F
rafaella,F
áurea,F
nowak,M
adeline,F
heládio,M
lucimar,F
juliano,M
rosilene,F
harley,M
cassiana,F
idesta,F
ronei,M
giordana,F
alcímene,M
vanderleia,F
partênope,M
jouvin,M
zeneide,F
quintela,F
deolindo,M
zora,F
zaccheus,M
cristal,F
pompílio,M
quon,M
ekika,F
valdívio,M
hudson,M
nardo,M
yarmilla,F
ivaldir,M
lubomira,M
belmiro,M
davina,F
márcia,F
joviano,M
page,M
mauricí,M
randy,M
valdemiro,M
jason,M
hamed,F
louise,F
mêncio,M
pablo,M
sigeberto,M
brandi,F
larry,M
lucrécio,M
hera,F
maricy,F
augustinho,M
lucila,F
ibotira,F
cláudio,M
cristian,M
alida,F
erotildes,F
alcidano,M
pinto,M
luz,F
jarina,F
shirlei,F
tirso,M
allan,M
armínio,M
gilca,F
wilian,M
heleno,M
menandro,M
antelmo,M
teotônio,M
romilda,F
juscelino,M
cimeína,F
zenaide,F
oris,M
penrod,M
agostinho,M
sabiano,M
ermírio,M
guayi,M
zulmira,F
onã,M
zelda,F
ferraz,M
apeles,M
eala,M
apolinaire,M
naor,M
arsênio,M
fúlvia,F
apolínio,M
calídno,M
dorothy,F
chris,M
posseidon,M
rovena,M
donna,F
arco-verde,M
dânao,M
taís,F
josephine,F
valdemar,M
saliba,M
budant,F
melissa,F
jaime,M
gertraud,M
igaci,M
ururaí,M
plutarco,M
araquém,M
célia,F
ailson,M
endi,M
pavlo,M
ekeka,M
militão,M
fani,F
tadéia,F
asa,M
beto,M
augustus,M
hipereides,F
danúbia,F
kenjiro,M
dores,F
jairo,M
jayma,F
acidália,F
anneta,F
ondina,M
antenore,M
jamila,F
parigot,M
agenora,F
carolaine,F
zênia,F
arriaga,F
nilme,F
pierce,M
lauren,F
thamiris,F
genebra,F
rejane,F
gândara,F
demétrio,M
leah,F
uaná,F
romão,M
mirella,F
leander,M
esméria,F
arcádio,M
icrá,M
lamartine,F
epifânio,M
cyndi,F
tercero,M
rodérico,M
quintilo,M
anja,F
lokine,M
tatiana,F
ron,M
helância,F
alaina,F
dinis,M
brumália,F
evelin,F
hilderico,M
feliciano,M
algar,M
gadi,M
olímpio,M
marte,M
nice,F
garnet,M
hálim,M
ansaldo,M
jorgen,M
haley,M
ajuricaba,M
justa,F
paranaguá,M
apolino,M
ellis,M
janete,F
raed,M
yula,F
neusa,F
castilho,M
remiel,M
quandt,F
saadi,M
pedrito,M
ivy,F
gerthe,F
hele,F
gaspar,M
ageu,M
júnior,M
yvone,F
harrison,M
oséias,M
fauna,F
academos,M
aukanaii,M
zaci,M
samuel,M
neica,F
militino,M
moana,F
hélio,M
luí,M
olga,F
jarede,M
joelma,F
marietta,F
kira,F
koji,M
kalolaina,F
tatius,M
ayala,M
juacir,M
phoebe,F
fáris,M
ubiratan,M
elmar,M
ivanete,F
dejanira,F
agis,M
winike,M
annabeth,F
fontoura,M
agílio,M
moke,M
kauane,F
tissot,M
amândio,M
araguaci,M
epitácio,M
bandeira,F
basílio,M
angel,F
lavone,F
odete,F
cupertino,M
cassilda,F
permínio,M
torquato,M
perséia,F
andersen,M
ross,M
piovesan,M
miguel,M
cleiton,M
fontes,M
edmo,M
xenos,M
antoinete,F
balbílio,M
valdec,M
dalila,F
kiera,F
amandy,F
mohammed,M
gilvaneide,F
abner,M
donata,F
musidora,F
lakina,F
emereciana,F
valência,F
lalepa,M
jimy,M
ellen,F
ângela,F
mauad,F
emerenciana,F
alcione,F
monique,F
harry,M
adamantino,M
lala,F
arkadius,M
rigoleto,M
arantes,M
ugo,M
adoniran,M
cânace,F
genoveva,F
zared,M
jaque,M
vespasiano,M
joh,M
fernando,M
pindara,M
bálder,M
assis,M
adjuto,M
gualberto,M
irma,F
tancredo,M
antero,M
fabian,M
aryana,F
geisla,F
ania,F
georgete,F
edna,F
rutger,M
alcioneu,M
aloísio,M
oswald,M
canet,F
youseef,M
acir,M
neila,F
policena,F
dinartea,F
keith,M
jeffrey,M
cécile,F
kane,M
anes,F
onofre,M
calixto,M
perpétua,F
manolo,M
khalil,M
kaneki,M
alcidamo,M
lissandra,F
savério,M
ileina,F
rubens,M
riquelme,M
catherine,F
açucena,F
pecúnia,F
filogônio,M
regina,F
jurandira,F
arthur,M
peresia,M
ipanema,F
cassidy,F
nassima,F
jupira,F
leopoldo,M
bartinik,M
george,M
nagibe,M
minerva,M
jaciara,F
lorena,F
yates,M
alvina,F
entória,F
alika,F
policarpo,M
joás,M
yasmim,F
bessie,F
juçana,F
irecê,F
emilly,F
zakia,F
adélia,F
baruque,M
josilene,F
bambi,F
virgil,M
baniwa,F
fahir,M
halevi,M
lamar,M
elea,F
ermesinda,F
benjamin,M
joly,M
georgina,F
nídia,M
lanakala,M
verena,F
clécio,M
honório,M
agildo,M
adah,M
fabrice,F
hunter,M
ilmar,M
liouba,M
grazina,F
anunciada,F
eistein,M
lígia,F
sérgio,M
nanette,F
danika,F
flávia,F
magali,F
gracindo,M
lane,F
lacínio,M
petrônia,F
iori,M
sarosh,M
riva,M
danita,F
adolphus,M
rurik,M
tarsila,F
neida,F
romildo,M
cayres,M
edésia,F
benévola,F
penafort,M
antígona,F
ibiraci,M
fanny,F
gabrielly,F
valteno,M
afrânio,M
astrogildo,M
esther,F
anaxarco,M
lépido,M
giani,F
geoffrey,M
manoel,M
eraldo,M
báucide,F
giórgia,F
fênix,M
celestino,M
baltasar,M
jóbson,M
anando,M
octavio,M
galdina,F
ulpiano,M
quezia,F
quíone,F
adelfo,M
diacuí,F
adramalec,M
reinoldo,M
melquisedeque,M
kimball,M
axel,M
shirley,F
laudo,M
sylvie,M
wallace,M
hermínio,M
dominga,F
zaíra,F
santoro,M
neide,F
sílvya,F
florence,F
diane,F
gayla,F
digna,F
edom,M
aziz,M
belinda,F
ubiratã,M
albina,F
almério,M
pearl,F
josh,M
hadrian,M
geraldo,M
warda,F
eduardo,M
davino,M
raimunda,F
samir,M
adailton,M
francine,F
ivanice,F
conte,M
mentor,M
hedi,M
michele,F
liliam,F
chad,F
ingo,M
laodâmia,M
sadoque,M
patience,F
lia,F
inácio,M
mauá,M
zaltana,M
baraúna,F
ramsey,M
zahi,M
creusa,F
eliseu,M
néria,F
neiva,F
christofer,M
teodósio,M
nicéforo,M
natalício,M
josiel,M
engrácia,F
delamari,F
birgit,F
jeanne,F
ismar,M
eliano,M
albertina,F
agostino,M
arkell,M
acirema,F
ariosto,M
jaiane,F
benedito,M
samila,F
jocelyn,M
augusto,M
adrianne,F
aima,F
ariberto,M
percival,M
ikaika,M
emmanuelle,F
madeleine,F
ozanan,M
malvina,F
helvina,F
yasmine,F
jecabebe,M
nelita,F
colombino,M
ioshua,M
iara,F
amaltrudes,F
melani,F
sebastião,M
silvano,M
camélia,F
melina,F
machado,M
adalrico,M
feitosa,M
isméria,F
zabulão,M
ira,F
granada,F
alfonso,M
climênia,F
éson,M
igapira,F
norma,F
epíteto,M
krista,F
mizael,M
silvana,F
alcídes,M
neftali,M
gelásia,F
diógenes,M
megaron,M
galileo,M
undine,M
iriri,M
maia,F
eleonora,F
benício,M
harmon,M
jabril,M
berdine,F
hilda,F
fiácrio,M
alarice,F
nolepeleko,M
xenofonte,M
adelmar,M
megan,F
tilexine,F
sonja,F
adel,M
beraldo,M
demócrates,M
fox,M
almada,F
ária,F
honorata,F
silmara,F
oziel,M
rogério,M
falcão,M
helton,M
gabriella,F
uziel,M
ludovico,M
hildebrando,M
verônica,F
juraci,F
alípia,F
echo,F
dion,M
apollinare,M
crislaine,F
rolanda,F
sicupira,F
winifreda,F
marsílio,M
glaucipe,F
fortuna,M
marli,F
guaraúna,F
rufus,M
escobar,M
adolfo,M
yvette,M
aurélia,F
ariana,F
diores,F
leagro,M
vinícius,M
pelena,F
fay,F
navito,M
gilda,F
eustáquio,M
terênsis,M
clarence,F
amâncio,M
timóteo,M
perdita,F
ticiana,F
electa,F
deodato,M
tufi,M
xereu,M
tereza,F
adelmo,M
oskar,M
teolinda,F
plácido,M
schneider,M
uirandi,M
lee,M
atanagildo,M
pacheco,M
niara,F
mamede,M
amorreu,M
noé,M
irina,F
paki,F
anita,F
ladário,M
giles,M
karla,F
allan-kardec,M
jafé,M
aragão,M
lelanta,F
adelpho,M
panda,F
lavínia,F
waldo,M
yves,M
leone,F
josiana,F
otávia,F
zazu,M
ramão,M
mary,F
rae,M
tabajara,M
constance,F
virgínia,F
marigold,M
sales,M
pandora,F
adalard,M
carmelita,F
bruneida,F
zelinda,F
henrique,M
cobé,F
aquira,F
cândido,M
aglaê,F
terence,M
constante,M
caiubi,M
donald,M
thaynara,F
aracne,F
lolita,F
albuim,M
tonho,M
morales,M
tobias,M
oriel,M
nícia,F
parati,M
asdrúbal,M
clay,F
sérvulo,M
gal,F
melaneu,M
giulia,F
haskel,M
teodora,F
ayrton,M
mira,F
adílson,M
reagan,M
set,M
parmênio,M
akemi,F
laurent,M
flora,F
murilo,M
mamom,M
aristóteles,M
narcísio,M
felisbelo,M
eçauna,F
emarã,M
radomil,M
kauê,M
araponga,M
nina,F
liliana,F
amícia,F
hamadríade,F
maura,F
laguna,F
oberico,M
alírio,M
ulysses,M
guaracema,F
rasmussen,M
crespi,F
élton,M
tom,M
nicoly,F
kely,F
vivian,F
edgar,M
alden,F
laa,F
caeté,F
raísa,F
ednaré,F
aleixo,M
marino,M
lars,M
delmar,M
aranha,F
guto,M
erondina,F
copreu,M
arátor,M
odara,M
lúcifer,M
idário,M
elza,F
coimbra,M
mike,M
fedro,M
april,F
maquiavel,M
esperidião,M
clodoviu,M
dávila,F
mitzi,M
vieira,M
shin,M
crescenzia,F
caprina,F
melquíades,M
inês,F
pololena,F
alécia,F
tibério,M
siomara,F
wunibald,M
paulo,M
erard,M
gurgel,M
gláucio,M
luiza,F
zahrah,M
andirá,F
zilena,F
jocasta,F
delamare,F
hathor,M
godiva,F
carola,F
dalmira,F
roman,M
batistino,M
angelina,F
radagásio,M
fritz,M
cícera,F
eçapira,M
taiguara,M
bethany,F
sezefredo,M
ronan,M
sean,M
agenor,M
cândia,F
calisto,M
adelita,F
onélia,F
odessa,F
casto,M
paracambi,M
antão,M
fedra,F
britta,F
ary,M
severo,M
manuella,F
feron,M
clarissa,F
orlando,M
dale,F
pali,M
theodore,M
dirce,F
violet,F
ovid,M
hani,M
salomão,M
hilde,F
sebastiana,F
rigotto,M
pedroso,M
elizabete,F
frans,M
vittore,M
hilary,F
muriel,F
basina,F
lorenza,F
ismênio,M
enéias,M
jessie,F
abeona,F
diolinda,F
jacqueline,F
arline,F
marins,M
anacreonte,M
walton,M
anquises,M
drica,F
patrocles,M
lalo,M
perácio,M
cloud,M
aimoré,M
erick,M
uchoa,M
charles,M
aglaupo,M
odair,M
amabília,F
cesare,M
marvin,M
marjani,F
windsor,M
genaro,M
cam,M
isac,M
dorothea,F
keokolo,M
caronte,M
ernesto,M
janaina,F
tebas,M
guilherme,M
ibrahim,M
domência,F
jari,M
maríndia,F
araguarino,M
vinícios,M
nikolas,M
encarnacion,M
singrid,F
quiroga,F
zaida,F
ney,M
vilar,M
leto,M
issa,F
venceslau,M
aronne,M
susumo,M
daniel,M
zareh,M
yin,M
hebe,F
artémide,F
galieno,M
neimar,M
éfeso,M
dulcídio,M
alcântara,F
uaiana,F
abayomi,F
aquilão,M
anthony,M
venâncio,M
anais,F
manuela,F
kuumomimakamae,F
graciliano,M
anna,F
jarbas,M
tomásia,F
indira,F
rembrandt,M
aimée,F
potira,F
ekemona,M
ursel,M
mégara,F
vyviane,F
kauan,M
czar,M
leikela,F
norina,F
maddalena,F
rowan,M
olímpia,F
telma,F
baron,M
roque,M
rosa,F
stephany,F
alejandro,M
alessandro,M
anaxágoras,M
duane,M
trinity,F
placídio,M
tovar,M
taufik,M
paulina,F
sofie,F
caled,M
zenir,M
daniele,F
helen,F
inandê,M
hermes,M
josiane,F
lopaka,M
jens,M
melânia,F
lyuba,F
fabíola,F
carmelina,F
admin,M
charlotte,F
rigoberto,M
manai,F
teócrito,M
orebe,M
kamealamalama,F
zaki,M
remi,M
ezra,M
gyovanna,F
rosângela,F
deivid,M
melo,M
joshua,M
cássio,M
gleiciane,F
solomon,M
aimê,F
lenore,M
kanike,F
drew,M
araceli,F
florbela,F
brasiliana,F
macieira,F
bueno,M
haidê,F
haníbal,M
beoto,M
ilana,F
dulcinéia,F
andreoli,M
rogaciano,M
giuseppina,F
israel,M
naldo,M
drielle,F
hayato,M
cirano,M
polínea,F
bianor,M
roney,M
zorana,F
sabázio,M
sulamita,F
arabela,F
aristócles,M
yeva,F
arani,F
diniz,M
núncio,M
andrzej,M
mirtis,M
kristen,F
phelipe,M
idalino,M
lya,F
chun,F
gualtiero,M
sófocles,M
celeste,F
piera,F
leopoldino,M
zuleide,F
calina,F
graciniato,M
inessa,F
menotti,M
sadi,M
zalika,F
fortunato,M
bernadete,F
hellen,F
laimana,F
murielle,F
yachi,M
earl,M
bertram,M
vicenzo,M
boaz,M
thalia,F
perón,M
gia,F
cindra,F
riley,M
aimon,M
bagé,M
heinz,M
binder,M
abstêmio,M
clarita,F
roboão,M
nuno,M
renato,M
salviano,M
valdir,M
seixas,M
zanetti,M
laudelino,M
sigrid,F
veneranda,F
blanda,F
amara,F
mayra,F
monalisa,F
osíris,M
roseane,F
sócrates,M
guy,M
sabrina,F
cleodoro,M
kento,M
elígio,M
zena,F
oduvaldo,M
claudine,F
rudson,M
rocema,F
ametista,F
phoenix,M
jéssica,F
brunnah,F
cainã,M
macgyver,M
andrade,M
macenas,M
kanauã,M
modesta,F
sólon,M
arvídio,M
taquaracê,M
konder,M
vilalobos,M
nara,F
veriano,M
marilza,F
euterpe,M
ulf,M
lucinda,F
belerofonte,M
adália,F
jacobina,F
fausto,M
faiçal,M
edilene,F
filomeno,M
ivana,F
elen,F
jeanette,F
adira,F
jaqueline,F
zattera,M
andréa,F
anticiro,M
zandra,F
adamantina,F
emilie,F
yank,M
saturnino,M
raí,M
yale,M
nelson,M
micheline,F
apolinária,F
sigmar,M
kriger,M
taylor,M
june,F
alethea,F
camiro,M
guadalupe,F
zilda,F
laurêncio,M
emanuelle,F
margô,F
katsuo,M
leocádia,M
hamilton,M
martina,M
joana,F
sarai,F
urbano,M
itabira,M
astrid,F
wiltom,M
najila,F
icário,M
nivaldo,M
potengi,M
ahsley,F
aristides,M
ismênia,F
andressa,F
múrcia,F
beni,M
berílio,M
guerino,M
fajardo,M
geslinda,F
eveline,F
nicandro,M
remy,M
iandara,F
patrick,M
coaraci,F
alcião,M
karan,M
murta,F
mena,F
dácio,M
finéas,M
cacéres,F
aaliyah,F
brendon,M
anastasius,M
baependi,M
henry,M
aiyra,F
josefina,F
caim,M
adamanto,M
marija,F
ebony,M
jamilly,F
endyra,F
genival,M
dylan,M
lamech,M
laoconte,M
kali,F
paquetá,M
ipojuca,M
macunaíma,M
marcionilo,M
gervásio,M
aliaá,F
pítia,M
cafene,F
lâseja,F
odir,M
polifeno,M
blandino,M
zancheta,M
raabe,F
isidoro,M
felipa,F
dominic,M
aleardo,M
karl,M
diana,F
joelson,M
delfim,M
acarnane,M
cordélia,F
jamil,M
takafumi,M
dourival,M
burle,F
bambina,F
alaor,M
jacinira,F
agápio,M
judite,F
sherlock,M
castelar,F
flavie,F
krisna,M
ethel,F
atiço,M
nemo,M
mênphis,M
sigfrid,F
casira,F
egídia,F
teodoro,M
dinair,F
milan,M
floyd,M
clície,F
bonifácio,M
custódio,M
zaqueu,M
ana,F
métis,F
galeba,F
dexter,M
gemma,F
sinésia,F
kaloka,M
penha,M
camille,F
tarquécio,M
silvino,M
antêmio,M
salmoneu,M
sétimo,M
andomar,M
aidê,F
baldwin,M
eiruba,F
tony,M
ervin,M
hermano,M
adlai,M
florinda,F
sibil,F
spike,M
domingos,M
crispiano,M
kremer,M
darin,M
jadson,M
olívia,F
noreen,M
alexandra,F
apoinar,M
peres,M
denis,M
nahum,M
almirante,M
livino,M
joan,F
gedeão,M
téo,M
roriz,M
capotira,F
yurio,M
adib,M
adalmiro,M
wilhelmina,F
eudorico,M
jandaíra,F
thierry,M
betsabé,F
ibaretama,F
idril,M
isabel,F
ozias,M
cadi,F
kalina,F
evaldo,M
amandina,F
moiseis,M
apolo,M
dácia,F
cordato,M
jacome,M
almerinda,F
libório,M
yuri,M
baena,F
ida,F
karina,F
wellerson,M
suelen,F
juliete,F
ulric,M
gilvan,M
keenan,M
welama,F
moema,F
barata,M
james,M
dionira,F
zerbini,M
lauriano,M
rhodes,M
apolônio,M
dietrich,M
belarmino,M
antônio,M
zildete,F
mérlin,M
orquídea,F
arienne,F
iemanjá,F
luci,F
freda,F
venerando,M
mérope,M
rothes,M
aldevira,F
usher,M
ervino,M
khuri,M
rick,M
arcângelo,M
ramos,M
lucineia,F
cloé,F
li,F
sínoe,M
lamaki,M
estela,F
ward,M
clare,F
amada,F
cristiane,F
cléia,F
donatelo,M
malquiel,M
ítaco,M
natã,M
sansone,M
dalberto,M
pálmer,M
diogo,M
alanis,F
paola,F
sachafer,M
dean,M
peddy,F
yasmin,F
yumi,F
jubaia,F
gregor,M
suleiman,M
hanon,M
pedrina,F
nadir,F
boiardo,M
sloan,M
odemira,F
kassim,M
armand,M
paim,M
quércia,M
haidéia,F
valfredo,M
sinésio,M
andrômeda,F
evangelina,F
íamo,M
sucena,F
adila,F
dafne,F
jonas,M
quésia,F
elifaz,M
nabi,M
konrad,M
ildete,F
gislaine,F
sam,M
diomar,M
wenceslas,F
tanja,M
catira,F
otelo,M
sérvio,M
solveig,M
fidélis,M
aricléia,F
waclaw,M
maluhia,F
tolosa,F
severiano,M
xandy,M
gerhard,M
ciríaco,M
bertrando,M
yakecan,M
jacó,M
andrômico,M
pilatos,M
micajah,M
darceno,M
natasha,F
emérita,F
czeslaw,M
porã,M
tomé,M
benami,M
leonildes,M
aruana,F
elvis,M
marchand,M
natividade,M
larisa,F
iratama,F
simonie,M
nakana,F
graco,M
carian,M
loreto,M
nílsen,M
eleotero,M
charlton,M
fleur,M
cadile,F
beltrão,M
estéfani,F
kauany,F
vandique,M
egbert,M
dirceu,M
dâmocles,M
hokuokekai,M
thalita,F
bea,F
cosme,M
odo,M
irene,F
clínia,F
pavlov,M
trícia,F
yasuhiko,M
noêmio,M
áquilas,M
ésio,M
burton,M
fagundes,M
matias,M
fileto,M
ihilani,M
heidrun,M
jamal,M
balaão,M
hirá,M
melvino,M
felênio,M
adilah,F
malaquias,M
rute,F
margarida,F
ewa,F
almeida,M
amino,M
jofre,M
manassés,M
paládio,M
simão,M
nádia,F
calino,M
ariadne,F
dayse,F
cendira,F
candy,F
yuli,M
urbi,F
ena,F
adrastea,F
dagomar,M
manhaná,F
joice,F
venturada,M
melody,F
anabel,F
kelly,F
uriah,M
itaúna,F
djalma,M
esperanza,F
paco,M
welles,M
petrarca,M
godofredo,M
nildete,F
absalom,M
eunápio,M
lúcio,M
zahara,F
bosco,M
aldonca,M
bendita,F
damião,M
luise,F
gurinhém,M
itamar,M
atanásio,M
dominique,F
nildo,M
riki,M
peter,M
toriba,M
libânia,F
emeline,F
roth,M
násser,M
faon,M
eco,M
lubomir,M
rosete,F
killian,M
edno,M
mairon,M
thais,F
hosana,F
nívia,F
alec,M
catulo,M
henri,M
anastácia,F
cotiguara,F
alana,F
odérico,M
alberto,M
aladim,M
ibsen,F
caetano,M
delamar,F
saulo,M
ella,F
tiago,M
terêncio,M
cambuquira,F
leodônia,M
ubatã,M
darlan,M
adelelmo,M
poranga,F
osias,M
miquéias,M
adameire,F
kléber,M
isaiah,M
zalman,M
rosineide,F
kerry,M
ipana,F
colton,M
kaolin,F
darcênio,M
hades,M
adriel,M
walace,M
lair,M
poti,M
valerie,M
carol,F
vinciana,F
acace,M
araci,F
edwino,M
chico,M
biara,M
bretãs,M
inocêncio,M
opelia,F
batimeu,M
bentes,M
adenilson,M
suellen,F
euríale,F
kayke,M
mélia,F
jaima,F
antonino,M
laulena,F
neomedes,M
alexandre,M
clâncio,M
ibarama,F
belle,F
elvira,F
epi,M
peterson,M
ahmad,M
rashne,F
alencar,M
zóilo,F
vitoldo,M
daros,M
almasor,M
claudiana,F
teodomiro,M
amy,F
heli,M
colatino,M
nazariel,M
lana,F
peike,F
burnier,M
ivaí,M
vladislav,M
tito,M
isolina,F
anunciata,F
tomásio,M
euro,M
antonela,F
abílio,M
inocência,F
kin,F
xerazade,F
jabriel,M
dimas,M
ictino,M
walger,M
koch,M
apoema,M
nicolly,F
chandãli,F
adams,M
ápio,M
jucilene,F
isaac,M
josenilde,F
kailene,F
hermeto,M
faizel,M
manuel,M
paraguaçu,M
bersabé,F
cauã,M
achille,M
roama,F
palemon,M
romero,M
agustine,M
ieda,F
judy,F
amora,F
mendes,M
mia,F
micarla,F
pires,M
florestano,M
itagiba,M
samson,M
belita,F
kauana,F
rob,M
herman,M
isadora,F
guaraciara,F
isaías,M
velma,F
marivaldo,M
abe,F
haniel,M
ágron,M
sara,F
climério,M
édnie,F
lorna,F
albano,M
tinoco,M
lemuel,M
ário,M
emanuelly,F
flaviano,M
samantha,F
betsy,F
agnes,F
nicolino,M
jewel,M
gaye,F
wilmar,M
jasmin,F
luca,M
dalton,M
malu,F
kadichari,F
niall,M
albertino,M
atalanta,F
nicomedes,M
derek,M
teresa,F
lurdes,F
adam,M
hermione,F
germaine,F
aineki,F
lemuela,F
nilce,F
sabino,M
dena,F
dalva,F
waioleka,F
vergínia,F
ravena,F
afonsina,F
athos,M
eliene,F
vaughan,F
apolodoro,M
giovanni,M
yago,M
andócides,M
hugo,M
aracaê,M
glauber,M
alexia,F
dyane,F
suri,F
gadelha,F
cremilda,F
katya,F
pênia,M
courtney,F
edana,F
hamilcar,M
breno,M
hamlet,M
moacir,M
bogdana,M
viana,M
hauolimau,M
tupã,M
gilcimar,F
marilse,F
shai,M
emanuele,F
ada,F
ailika,F
noleka,F
górki,M
doreta,F
otília,F
olegário,M
adeltrudes,M
alzira,F
suely,F
adir,M
érica,F
aegla,F
aster,M
calista,F
austregésilo,M
moara,M
albert,M
edeline,F
avani,F
américa,F
larissa,F
tamiris,F
dorotéia,F
tammy,F
hiran,M
genésio,M
eudine,F
jaromir,M
brian,M
pololika,F
eçabara,F
cleon,M
emaré,M
bristol,M
ióle,F
greice,F
doug,M
mi-cha,F
iaco,M
janel,F
chase,F
blanck,F
eustáquia,F
eliana,F
kurt,M
isabelle,F
lilite,F
mor,M
ceciliano,M
alfa,M
dana,F
edmara,F
guaçu,M
féres,M
régia,F
radamanto,M
addae,F
aldegunde,M
valdivino,M
emiliano,M
eçaiara,F
queiroga,F
hardy,M
mirina,F
yair,M
stanley,M
henrico,M
jati,M
danilo,M
kuat,F
esteves,M
nilda,F
adail,F
cabral,M
gregory,M
fred,M
lizandra,F
liz,F
darius,M
pitangui,M
percy,M
savedro,M
elídio,M
bella,F
janelle,F
bachmann,M
céu,M
mitzrael,M
nilo,M
maes,F
margareth,F
quevedo,M
ibá,M
aysha,F
john,M
raquel,F
delmiro,M
fido,M
electra,F
basilina,F
bizet,F
rosvaldo,M
shakti,M
elliot,M
cecílio,M
amin,M
graziano,M
iwin,M
obede,M
séfora,F
salustiano,M
epígone,M
lisete,F
eçara,F
gomes,M
indra,F
aloís,M
naneki,F
daichi,M
esídio,M
anápio,M
diéneces,M
lineu,M
sabatino,M
wikolia,F
porfírio,M
gleyce,F
iadah,F
madeline,F
fauzi,M
gleusa,F
noéa,F
eliel,M
palapala,F
maedra,M
carmelo,M
justin,M
itaú,M
adalzira,F
melquias,M
kenrick,M
menescal,M
arriola,F
scalco,M
valeriana,M
milano,M
glaucia,F
nicácio,M
heike,F
caledônia,F
edegar,M
clara,F
rachelle,F
ignês,F
filomela,F
angerona,F
natan,M
ezequias,M
etevaldo,M
irineu,M
quelidônio,M
cleófas,M
gracia,F
lácio,M
mikael,M
ismael,M
paula,F
caeculus,M
dias,M
anselmino,M
úrsula,F
holly,F
amary,F
dicteu,M
damásio,M
yelena,F
cláusio,M
arinhã,F
imelda,F
aritana,F
helena,F
danila,F
cauan,M
fernandes,M
valentine,F
opala,F
iolete,F
atlas,M
wagner,M
firmo,M
redenta,F
quirina,F
felícia,F
asenate,M
sandoval,M
piaso,M
ofélia,F
amena,F
dickson,M
amira,F
jathara,F
uberaba,M
lamenha,F
jesus,M
thayná,F
xenika,F
leucósia,F
emitima,F
anahí,F
fábia,F
geovane,M
vladislau,M
corinto,M
baepeba,F
shiva,M
mabel,F
zack,M
dario,M
chuck,M
anúncia,F
linh,F
antunes,M
aran,M
eloá,F
desidéria,F
osborn,M
daniela,F
adriano,M
adalbéria,F
taciquara,F
justino,M
friederike,M
lorraine,F
aleo,M
agnata,F
lourenzo,M
urânia,M
filipa,F
epifânia,F
kalebe,M
nicholas,M
ekena,M
edina,F
gracílio,M
jaqui,M
cícero,M
mikaelly,F
alécio,M
etelvino,M
alair,M
rina,F
célio,M
peixoto,M
eloísa,F
palmiro,M
eácido,M
thiago,M
judas,M
belano,F
elisabeth,F
gisleine,F
borges,M
maurílio,M
charla,F
sophia,F
abdera,F
randall,M
egito,M
manon,M
cobi,M
hirônides,M
eufrásio,M
rodger,M
humberto,M
vital,M
romário,M
iaci,F
nichole,M
vicente,M
fadel,M
rosália,F
magdalena,F
tales,M
belamina,F
judit,F
ribas,M
benoni,M
gesuíno,M
beatrice,F
quitéria,F
pepita,F
assunta,F
belami,M
taciano,M
raulino,M
ferreira,M
calvino,M
gabor,M
kenana,M
ranilda,F
brook,M
merle,M
noel,M
pollyanna,F
aires,M
estanislau,M
cass,F
ivonette,F
segismondo,M
jaciema,F
tabacema,F
corália,F
élio,M
rosane,F
ionice,F
laula,F
farell,M
arruda,M
najla,F
damastor,M
pieter,M
brandão,M
durward,M
alina,F
honorino,M
fedon,M
heitor,M
édipo,M
jáper,M
barsaré,M
agripino,M
lake,M
lolla,F
aileen,F
ordália,M
lino,M
ervina,F
polixene,F
atos,M
pavuna,F
vonda,M
zarão,M
dorval,M
raban,M
romeu,M
antonella,F
alencastro,M
jardel,M
liliane,F
evódia,F
eudócia,F
vitaliano,M
pricila,F
rhonda,M
serafina,F
justina,F
potengy,M
yahto,M
hisíodo,M
radamés,M
elísio,M
gisa,F
osni,M
douglas,M
osnia,F
adozina,F
heracléia,F
adisa,F
rinaldo,M
metanira,F
léa,F
ihelane,F
reynold,M
macrino,M
cameron,F
rui,M
fátua,F
keakakona,F
joelle,M
jatir,M
caçapava,F
andrámaca,F
claudiano,M
solange,F
matilde,F
owen,M
zilema,F
emaci,F
dracon,M
arari,M
anália,F
brigita,F
ademar,M
nabih,M
sotero,M
aguirre,M
rocha,M
zeinab,F
edward,M
óbulo,M
kennedy,M
cláudino,M
amábile,F
iguana,F
morfeu,M
raimondo,M
otaviano,M
justo,M
adonias,M
obitã,M
iramaia,M
marlena,F
dick,M
manuku,M
magda,F
marília,F
tosin,M
oren,M
kerstin,F
almira,F
calais,M
wendy,F
abúndio,M
wilda,F
gaditano,M
marani,M
emereciano,F
ubaldo,M
mirno,M
jarvis,M
erasto,M
décio,M
adelmarino,M
doralice,F
arianna,F
eliane,F
crisóstomo,M
tibúrcio,M
marçal,M
macrina,F
kodia,F
magide,F
marlon,M
pandareu,M
jácomo,M
orfeu,M
edmar,M
anésia,F
ceres,F
rogéria,F
bolívar,M
késia,F
francis,F
augustine,F
albatênio,M
genevra,F
betty,F
genilda,F
serafino,M
benjamine,F
hílton,M
polidoro,M
chloe,F
tabitha,F
giselda,F
flaviane,F
nataly,F
cipriana,F
urias,M
cândida,F
alfeno,M
djamila,F
frida,F
paquerer,M
anete,F
zane,M
alcer,M
égon,M
fóster,M
wellington,M
laila,F
izabele,F
edissa,F
adília,F
isidora,F
cecil,M
obajara,M
vanilda,F
libânio,M
almara,F
rudá,M
águeda,F
gisel,F
ocirema,F
morris,M
gerardo,M
xerxes,M
demóstenes,F
américo,M
caiuá,M
tracy,F
christiane,F
capitolino,M
edemir,M
jordano,M
madalena,F
medardo,M
alboino,M
javan,M
ângelo,M
jimmy,M
nemestrino,M
adalina,F
ekualo,M
pedrinho,M
diaurum,M
gertruida,F
diomedes,M
lissa,F
aglaio,M
tersio,M
idomeu,M
áureo,M
abana,F
queirós,M
nazaré,F
raoni,M
timeus,M
sinval,M
latasha,F
saymon,M
davena,F
gago,M
perseveranda,M
agnese,F
valentin,M
lika,F
jakob,M
ken,M
daslange,F
birgitta,F
adrien,M
jango,M
gentil,M
maarten,M
marta,F
nardini,M
hamid,M
bloch,M
ortígia,F
manacá,F
helene,F
paganini,M
ailina,F
viatã,M
adorinda,F
rodnei,M
dolores,F
frederico,M
claudionor,M
laódice,M
arapuã,M
edelmira,F
costa,M
cleópatra,F
erla,F
eucádia,F
jair,M
nadabe,M
azim,M
fascínio,M
iguatemi,M
belquir,M
enide,F
aparício,M
flávio,M
dédalo,M
branca,F
ercília,F
aristófanes,M
esmeralda,F
molly,F
pirajá,M
carvalho,M
oxana,F
farrah,F
dora,F
zarco,M
natália,F
gastão,M
marise,F
lyssa,F
xilon,M
osvaldina,F
porcina,F
aphrodite,F
ésia,F
audrey,F
barcelos,M
dilan,M
festo,M
saavedra,M
elcana,M
fernão,M
laurinda,F
alcaçova,F
rubi,F
oberon,M
seiji,M
eleutério,M
rozália,F
rosaura,F
ilah,M
lucas,M
damasceno,M
mariele,F
moses,M
ernest,M
gian,M
bernice,F
gad,M
heloise,F
yeray,M
ondrej,M
amauri,M
levinda,F
juvenca,F
fingal,M
roald,M
rené,M
téia,F
veríssimo,M
admeto,M
iluminato,M
yardley,M
pamella,F
iakopa,M
horácio,M
hideaki,F
alain,M
ortigão,M
warren,M
liam,M
charlie,M
taci,F
rockne,M
joaci,M
peônia,F
franco,M
everardo,M
tabita,F
anabela,F
janine,F
marcondes,M
emerson,M
taú,M
franciele,F
kale,M
dâmaris,F
ehu,M
jovino,M
elisabete,F
mônica,F
pelasco,M
baldomar,M
ilítia,F
kuana,F
genilson,M
lourenço,M
fidel,M
aodh,M
vilma,F
epícuro,M
demétrius,M
onésimo,M
tino,M
marcolino,M
zeus,M
dercino,M
raschele,F
roy,M
geórgia,F
damiana,F
yeda,F
jared,M
genevieve,F
hur,M
kemal,F
maike,F
armindo,M
onesíforo,M
edelina,F
ácio,M
jasmim,F
lorran,M
brenna,F
martiniano,M
nazareno,M
hazael,M
ereíma,F
enarê,M
ariovaldo,M
whindersson,M
lucien,F
elisa,F
gioconda,F
obdias,M
selmiro,M
deífila,F
martim,M
ramon,M
marchiori,M
heriberto,M
ibiaçu,M
rolf,M
clodoaldo,M
obádia,M
vasco,M
tommy,M
alva,F
teanira,F
gustavo,M
gildo,M
wikoli,M
leilane,F
berenice,F
brooke,M
henriqueta,F
roberto,M
ivan,M
marcelo,M
leupena,M
medéia,F
ranieri,M
petronilo,M
simon,M
aury,M
bartira,F
sheila,F
gibrail,M
corina,F
quodvultdeus,M
wismara,F
caíco,M
manes,M
leônidas,F
camocim,F
yolanda,F
mina,F
nigel,M
araripe,M
alienor,M
francesco,M
aceí,F
batista,M
johnson,M
cléver,M
wilton,M
cleanto,F
jaciaba,F
giseli,F
singer,M
busmeyer,M
ruth,F
duílio,M
etienne,F
enoma,F
eugene,F
kuanna,F
acaiah,M
íria,F
lea,F
uda,F
abá,F
roberta,F
alilat,F
harahel,M
icém,M
rosemary,F
borja,F
cataldi,M
angícia,F
gumersindo,M
auricélia,F
matatias,M
jurema,F
nórcia,F
quinn,M
valmir,M
frôntis,M
kélia,F
lanake,F
apuana,M
caxambu,M
agatha,F
xenofontes,M
faruk,M
takeshi,M
fabienne,F
jean,M
jamile,F
lutero,M
doriano,M
ulísses,M
bacco,M
antony,M
zebulon,F
justus,M
paraty,M
talassa,F
itubore,M
dagom,M
menelau,M
linda,F
altiva,F
andras,M
melinda,F
raguel,M
laurentine,M
rishon,M
tamandaré,M
deolinda,F
frabriciano,M
frederica,F
tapiraça,M
krigor,M
alcido,M
beate,F
adauto,M
aquilina,F
menelaia,F
cristina,F
gunter,M
alethia,F
inalécio,M
inã,F
fulgência,F
mariucha,F
ichiro,M
jabel,M
iberaba,F
cendyl,F
hong,M
laureano,M
ipoema,F
uiara,F
yure,M
yone,F
yervant,M
jáder,M
eumênes,M
acilino,M
zinara,F
agabo,M
berry,F
anadiônema,F
lenita,F
elfort,M
elódia,F
tilde,M
hugh,M
marines,F
éryca,F
warley,M
odulfo,M
gita,F
edgardo,M
hortênsio,M
hirana,F
thalassa,F
sepetiba,M
aurelina,F
jovita,F
elquenor,M
camapuã,F
ronaldo,M
elício,M
aracelis,F
leona,F
rufino,M
eloina,F
dinarte,M
ibaque,M
caron,F
pandolfo,M
maximiliano,M
ian,M
clito,M
zea,F
ferdinando,M
palas,M
clarice,F
karolaine,F
adelaide,F
hélcias,F
ivor,M
barney,M
midas,M
leandra,F
juno,F
cirineu,M
jezabel,F
anjuta,F
said,M
bertolino,M
itatiba,M
corallina,F
bryan,M
serena,F
cristália,F
camilly,F
nicol,M
balthazar,M
isabelli,F
samara,F
antoniano,M
aríston,M
xanadu,F
temão,M
guiomar,F
logan,M
balbino,M
durvalino,M
lucília,F
hermógenes,M
belamino,M
pôncio,M
queren,F
eno,M
gamarra,M
marly,F
paladino,M
susie,F
zacarias,M
divino,M
brayan,M
carmen,F
catreu,M
belmira,F
maturino,M
kerina,F
umar,M
guapira,F
gandolfo,M
béroe,F
roaslie,F
luiziane,F
xavantina,F
juarez,M
peakalika,F
arrife,F
leon,M
ricarda,F
edvaldo,M
alesha,F
adolfina,F
bete,F
maurizio,M
ávila,M
alfredo,M
susana,F
ravi,M
jadon,M
belca,F
alexa,F
kimberley,M
apollon,M
acemira,F
anceu,M
apolline,M
vanessa,F
geruza,F
arildo,M
acúrio,M
gerião,M
lora,F
florian,M
ryotaro,M
ambrogina,F
samia,F
silvério,M
martha,F
cosmo,M
waldrich,M
vítula,F
pietro,M
brás,M
adônica,F
donatien,M
jaclyn,F
freitas,M
maranhão,M
bran,M
argentina,F
bispo,M
egeo,M
sita,F
elis,F
berengar,M
mohammad,M
marcos,M
baraquias,M
belisa,F
upira,M
átis,M
gilmar,M
maria,F
epaminondas,M
adalvina,F
brasília,M
davi,M
iderê,F
napoleão,M
xantipo,M
átila,M
catão,M
altair,M
ludimila,F
isauro,M
brita,F
bruno,M
mota,M
frutuoso,M
nola,F
ojibe,M
becky,F
volimar,M
eutália,F
quintanilha,M
hermon,M
bertino,M
artêmia,F
eanes,M
aimão,M
adalgisa,F
mércia,F
beverly,F
diomiro,M
mayara,F
althea,F
arnóbio,M
bertário,M
frank,M
dioclécio,M
arnolfo,M
paulete,F
silva,M
giuliana,F
keiko,F
aiça,F
hilário,M
aldir,M
demas,M
zulma,F
rutílio,M
meneceu,M
zandoná,M
jó,M
esdras,M
fayard,M
tapira,M
antonieta,F
elpídio,M
francílio,M
anami,F
mario,M
nolana,M
carlota,F
king,M
hortênsia,F
sirley,F
damarina,F
ilda,F
ipupiara,M
gunda,M
turmalina,F
chandra,F
sofonias,M
danielle,F
quotar,M
elissa,F
altino,M
melquior,M
apelis,M
valdomiro,M
severino,M
zed,M
liadan,M
lopine,M
kiliano,M
analisa,F
jeremiah,M
nora,F
elmano,M
leda,F
leonor,F
aaminah,F
ivone,F
lydia,F
maraíra,F
marilú,F
elzeário,M
valéria,F
mauro,M
simôes,M
odemar,M
habib,M
luke,M
ingomar,M
égido,M
brunot,M
rosemarie,F
cleonice,F
nuna,F
machiavel,M
terezinha,F
hagite,F
sigismundo,M
whitney,F
aristodemo,M
vítor,M
roquete,M
hartmut,M
al-samir,M
ludmila,F
cida,F
eudora,F
eurípedes,M
zandone,F
lúcia,F
fabrizio,M
stanislau,M
antíloco,M
lohan,M
patrício,M
freja,M
donatella,F
euridice,F
rita,F
delfina,F
xinavane,M
lalela,M
sampaio,M
otinga,F
bogumil,M
bernadette,F
ediseu,M
anton,M
oberto,M
homero,M
osman,M
jônio,M
danuto,M
teógenes,M
febo,M
ladislau,M
cabuçu,M
iago,M
magdala,M
kelda,F
aracunda,F
alegria,F
gerusa,F
suzi,F
albuquerque,M
balsamina,F
kaluanã,M
franceline,F
umberto,M
nazira,F
arieta,F
kaiki,F
anise,F
amália,F
maleah,F
lot,M
nikolai,M
simplícia,F
thainá,F
austin,M
beaulah,M
everton,M
arnaldo,M
hogo,M
cunina,F
francisco,M
fergus,M
malvino,M
damaso,M
pancrácio,M
kaab,M
agláia,F
mauliola,M
rosely,F
alcibíades,M
japira,F
sibyl,F
bernardine,F
renan,M
bachir,M
harriet,M
eça,F
reis,M
clítia,F
eliézer,M
herta,F
abnara,F
bruce,M
ânima,F
rodovaldo,M
palma,F
fleury,M
lourdes,F
ibiama,F
tarcísio,M
briaréu,M
armim,M
caássica,F
marilda,F
lorinda,F
dardeno,M
malque,M
munira,F
félix,M
clarêncio,M
artur,M
pantaleão,M
rafaela,F
germana,F
romana,F
bariri,F
phelan,M
leal,M
anand,M
eddy,M
ormeo,M
goiás,M
benedita,F
filomena,F
hercília,F
geni,F
amparo,M
renita,F
emma,F
mácris,F
galéria,F
gaia,F
andré,M
moama,F
amadeu,M
naja,F
apolônia,F
oko,M
ninive,M
moneta,F
izolino,M
edwin,M
myra,F
ksenya,F
weverton,M
ralph,M
cornélia,F
latino,M
daria,F
javé,M
keity,F
florípedes,F
zenas,M
agnodice,F
gabrielle,F
carioca,M
naam,M
amílcar,M
likeke,M
meneléu,M
bahman,M
gérson,M
eliot,M
cauê,M
teseu,M
baeta,F
lokelika,M
ibiara,F
múcio,M
zeki,M
gabriela,F
loren,F
ibura,M
xoloni,M
borghild,M
xenócrates,M
ademir,M
norris,M
artaschasa,F
roquira,F
ivo,M
elena,F
antíoco,M
carlito,M
odilon,M
norton,M
hélia,F
brasiliano,M
roseli,F
eçaraia,F
ulando,M
etna,F
cefas,M
iataí,M
ikepela,F
cleverson,M
naréa,F
arianne,F
flor,F
rosário,F
lóris,M
aiko,F
zélia,F
kammille,F
aurora,F
síntique,M
maluf,M
kenichi,M
nero,M
odélio,M
ignez,F
ivani,F
aldair,M
florentina,F
seraome,F
sirena,F
samela,F
cleide,F
alexino,M
walda,F
basiliana,F
cambuci,F
adrienne,F
aspásia,F
jacirema,F
quimera,F
mahina,F
bonina,F
luiz,M
heather,M
duncan,F
yerik,M
ártemis,F
têmis,M
garamântia,F
fernandino,M
carlo,M
mansueto,F
haziel,M
ifimedia,F
araí,M
latonia,F
emily,F
reed,M
jesuíno,M
adamina,F
opira,M
horst,M
lavínio,M
keleka,F
leroy,M
kanake,F
naíma,F
valdinei,M
elane,F
annemarie,F
manaolana,F
ashiley,F
dustin,F
svetlana,F
bourbon,M
odenato,M
elva,F
messias,M
nereza,F
quelidônia,F
odisseu,M
jesuína,F
zafriel,M
jesebel,F
fídias,M
kiopaa,F
evanildo,M
wilfred,M
ruperto,M
yente,M
kalawina,M
bettina,F
fany,F
blanche,F
dorival,M
henderson,M
acsa,F
ubirani,M
keegan,M
lis,F
monoke,M
canirim,F
tainá,F
hécuba,F
náiade,F
elpenor,M
oquena,M
taiane,F
melanie,F
caco,M
higor,M
tércio,M
bonifácia,F
geisila,F
osvaldo,M
brito,M
yoki,F
uauiarará,F
eucaris,F
beca,F
gena,F
ephraim,M
eloíza,F
vinício,M
bóris,M
amálie,F
feital,M
priscila,F
kamila,F
belcanto,M
gary,M
ivonete,F
bastos,M
diacira,F
carter,M
zoroastro,M
fradique,M
mirta,F
laura,F
alméria,F
hideki,M
abigail,F
gaylord,M
rabelo,M
hector,M
hoirandí,M
alessa,F
claire,F
beulah,M
bonita,F
yule,M
edberto,M
concórdia,F
neleu,M
acelo,M
naahman,M
aminda,F
vince,M
rosalie,F
benito,M
diva,F
kamadewa,M
aldina,F
rosilda,F
zamira,F
margarete,F
afra,F
dobromil,M
henele,M
ampélio,M
haikela,F
agledes,M
samanta,F
sheth,M
icílio,M
michelle,F
ágda,F
eliade,F
valentina,F
yani,M
jael,F
ismail,M
tainaçã,F
apício,M
eliaquim,M
eneida,F
umbelino,M
crasso,M
messina,F
zafira,F
cirilo,M
calvin,M
floripes,F
kamal,M
armida,F
xanto,M
kala,M
kathy,F
oholupalupa,M
anaxarete,F
kimo,M
geremaro,M
alepeleko,M
suzie,F
coema,F
pierina,F
cupelo,M
kamby,M
lucidora,F
carlindo,M
erik,M
lindalva,F
fanor,M
mariane,F
kaylane,F
laureen,F
helotes,M
edwina,F
nereide,M
cayari,F
aline,F
calistrato,M
péricles,M
carlton,M
campbel,F
daiane,F
tomer,M
levi,M
malina,F
soraya,F
david,M
máicol,M
cezar,M
franklin,M
milcíades,M
clarinda,F
neriá,F
valônia,F
gabina,F
thayla,F
ajax,M
lanassa,F
calcante,M
tabor,M
azevedo,M
karim,F
átala,F
caterina,F
monteiro,M
daphné,F
maraneíma,F
adele,F
euzébio,M
taras,M
emi,F
nadezhda,F
adela,F
kuri,M
horus,M
magé,M
artemísia,F
conceição,F
yentil,M
yoshiaki,M
risa,F
hiroíto,M
benson,M
esculápio,M
amanara,F
aghata,F
venília,F
clorinda,F
cedar,M
serguei,M
múcia,F
brigite,F
caíque,M
jupiara,F
aratama,M
yvonne,F
madge,M
antelma,F
line,F
rico,M
túlia,F
aristóbulo,M
anteu,M
ermengarda,F
sandra,F
wilikilia,F
albílio,M
paige,F
celerino,M
estácio,M
alfeu,M
padovani,M
alexander,M
itono,M
walelia,F
felicien,F
anastasia,F
iacina,F
zózimo,M
djalmira,F
jade,F
cristiano,M
gonçalo,M
tayla,F
mozar,M
cinira,F
absirto,M
abra,F
genciana,F
claudinei,M
ícaro,M
aldemiro,M
luigi,M
nanael,M
lorrana,F
achila,F
geralda,F
airão,M
ébalo,M
jacira,F
asma,M
hersília,F
sonya,F
frieda,F
ranya,F
pitágoras,M
jefferson,M
zenilda,F
sasha,F
avaré,M
valeriano,M
edmarcio,M
micol,F
oriana,F
maísa,F
arrieta,F
jeane,F
salvador,M
gene,F
hypséa,F
graziela,F
amim,M
donaldo,M
anatole,M
allende,F
randolfo,M
xande,M
stewart,M
bart,M
genciano,M
carmeliana,F
mecenas,M
gratiano,M
heráclito,M
rosana,F
halikaka,F
adamir,M
ansberto,M
denzel,M
raja,M
heliberto,M
basiliano,M
modesto,M
jacina,F
vladimir,M
eliabe,M
kênia,F
zariel,M
galdência,F
nemias,M
oksana,M
expedito,M
juca,M
zaniel,M
amiel,M
silena,F
herodião,M
constantino,M
ermelindo,M
teçarema,F
alfio,M
lameque,M
seleno,M
leôncio,M
jafet,M
itapoã,M
quintéria,F
joabe,M
anastácio,M
severina,F
imael,M
allyson,M
blando,M
viviane,F
aélia,F
narciso,M
maicon,M
kentaro,M
jussara,F
nadal,M
asafe,M
renata,F
maron,M
fabrício,M
caillet,F
efraim,M
malie,F
iraê,M
alaíde,F
lélio,M
edileusa,F
estentor,M
acrísio,M
amina,F
mariam,F
irving,M
acanto,M
floriana,F
plauto,M
nicéia,F
etzel,F
upiara,M
vitório,M
céleo,M
teobaldo,M
generoso,M
rosamundo,M
giannina,F
eufranor,M
wolfran,M
morais,M
chermont,M
polônio,M
ilsa,F
mirian,F
mustafá,M
judith,F
johnny,M
jurandir,M
moritz,M
lenora,F
trinidad,M
acilina,F
ananias,M
arlinda,F
rosária,F
sigelinde,M
marcelino,M
campesino,M
wady,M
luciene,F
zenóbia,F
aquino,M
aderico,M
leomira,F
iamana,M
bia,F
yanka,F
benoite,F
eulice,F
melito,M
agathé,F
nerine,F
giglio,M
agasias,M
adalberto,M
loreta,F
izolita,F
moisés,M
estefânio,M
laina,F
rubem,M
pelike,F
dayane,F
goreti,F
santiago,M
antal,M
lacedêmon,M
argeu,M
arícia,F
beau,F
jânio,M
cristóvão,M
maikekai,M
cincinato,M
rúbia,F
gleise,F
matutina,F
isaía,M
zuriel,M
kamona,M
sidéria,F
kilakila,F
ibiri,M
mirela,F
adalfredo,M
huberto,M
fréia,F
dragomir,M
gálata,F
florália,F
aracema,F
alessandra,F
aldara,F
simas,M
filipe,M
aristófilo,M
arão,M
ermínio,M
françoise,F
felício,M
jessy,F
luzinete,F
abati,F
colombo,M
gael,M
yoko,F
zahirah,F
herbert,M
zaila,F
antã,M
saturno,M
aliyah,M
vitalina,F
antar,M
dagoberto,M
hala,F
jill,F
vânia,F
raiden,M
noela,M
nanci,F
oméro,M
oneide,F
ynes,F
petrus,M
claudete,F
cálamo,M
hélder,M
polly,F
filéas,M
clementine,F
tamar,F
pirene,M
lepeka,F
pereira,M
naara,F
honorina,F
halona,F
jardano,M
marni,M
hersílio,M
amanda,F
lupércio,M
rômulo,M
zayn,M
deusdetina,F
manuelly,F
goldman,M
eucléia,F
sílvio,M
anísia,F
aldo,M
mac,M
ronald,M
nicola,M
zanini,M
laverne,F
kapane,M
arnoldo,M
freya,F
carmela,F
gisela,F
nicolau,M
selma,F
mafalda,F
christopher,M
ciro,M
clark,M
geovanna,F
labério,M
sedécias,M
talles,M
juvência,F
rhana,F
querubim,M
glice,F
flynn,M
arnon,M
rhode,F
aka,M
esmondo,M
ará,F
hasan,M
salim,M
yvon,M
martinha,F
leri,M
musa,F
josie,F
hanna,F
evelyn,F
miriã,F
taígete,F
asileu,M
evaristo,M
únxia,M
odemara,F
pompeu,M
éber,M
guido,M
domiciano,M
amalina,F
apikalia,F
nayara,F
alan,M
galdino,M
belisário,M
myrcia,F
melchior,M
basilissa,F
alcídia,F
yehudi,M
timoteus,M
mel,F
brunilda,F
zarek,M
dagmar,F
otacília,F
lincoln,M
uahoomanaokahaku,M
oliver,M
zanchi,M
bermondo,M
walter,M
haroldo,M
meakiai,M
célico,M
castiel,M
enock,M
nolemana,F
julie,F
anice,F
kasandra,F
michael,M
adelina,F
spencer,M
maurícia,F
talbot,M
edagmara,F
hannibal,M
bianca,F
atamante,M
jandir,M
sirlene,F
eudóxia,F
alvise,F
amarildo,M
ketlyn,F
ula,M
fedalto,M
galatéia,F
napéia,F
ástora,F
pierre,M
naum,M
marina,F
mendelson,M
jada,F
oto,M
balderico,M
aureliano,M
enzo,M
isnardo,M
joel,M
mathias,M
katarina,F
ibanêz,M
nereu,M
sabará,M
mirtes,F
naiara,F
eudoro,M
adler,M
cara,F
glaura,F
jacinta,F
jamily,F
zola,M
hormênio,M
neputira,F
herondina,F
tibiriça,M
anselm,M
laísa,F
parsifal,M
meg,F
pascácio,M
polikia,F
dilma,F
cristiana,F
acineto,M
kimi,F
sibila,F
xênia,F
jemime,F
raynard,M
maire,F
penina,F
laís,F
amélie,F
laércio,M
yasu,F
luce,F
julliana,F
lacirandy,M
kalola,F
quiron,F
baleo,M
batistina,F
lekana,F
benvindo,M
rogata,F
alessia,F
rosendo,M
kelama,F
marcílio,M
adriana,F
carmencita,F
aracê,M
mayim,M
icer,M
blue,F
esperança,F
bitencourt,M
clélia,F
zene,F
kumari,F
delfino,M
kyle,M
acúrsio,M
igara,F
agamenon,M
neymar,M
galeno,M
gerlane,F
adorabela,F
alderico,M
quinci,F
igapi,M
ézio,M
rodney,M
miriam,F
luís,M
cassandra,F
laverna,F
youssef,M
maris,F
heiki,F
hannah,F
tacira,F
mirna,F
marisa,F
daltivo,M
knox,M
dalmácio,M
macário,M
lucca,M
atena,F
ermelinda,F
pérgamo,M
isar,M
daisy,F
madressilva,F
adônis,M
frances,F
elder,M
batilde,F
fáustolo,M
luan,M
renner,M
moamede,M
wallis,M
jessé,M
alena,F
ricardino,M
arinos,M
plutão,M
fátma,F
maíra,F
alberico,M
elisângela,F
ladislas,M
ranildo,M
nila,F
zózima,F
stefani,F
candal,F
cacilda,F
antonita,F
achilles,M
álcis,M
kanakake,F
lily,F
patrícia,F
haidee,F
carmo,F
giacomo,M
hurassí,M
hermine,M
antônia,F
helenice,F
espedito,M
madelberta,F
lauretta,F
alípio,M
galena,F
alexandrina,F
pérola,F
otoniel,M
jacques,M
edneia,F
arza,F
raghu,M
cécrops,M
ebenézer,M
taciguara,M
cléo,F
modestino,M
edilberto,M
sávio,M
náder,M
raymond,M
ermenegildo,M
gerd,M
alepeka,F
caitlin,F
vidya,F
baldovino,M
stefanie,F
januário,M
galen,F
robson,M
abella,F
eusébia,F
quentel,M
teodorico,M
nilton,M
eugênia,F
ruana,F
acis,M
jacqui,M
hagata,F
bailey,M
pércia,F
neville,M
ibiúna,F
viviana,F
mazagoua,M
dulcelina,F
arns,M
zaide,F
osmar,M
tália,F
petronílho,M
tânuz,M
liberata,F
alete,F
curvelo,M
habel,F
ramiro,M
alexandrino,M
arlindo,M
mariel,F
naim,M
queiroz,M
dorcas,F
trevor,M
othon,M
glenda,F
vita,F
aisha,F
agave,F
márcio,M
woody,M
belamiro,M
acilda,F
jobim,M
tânia,F
anfitrite,F
alcinda,F
janice,F
pacífico,M
nélio,M
quirino,M
elma,F
gregório,M
hemetério,M
berghaman,M
bento,M
franclim,M
josiah,M
maggy,M
bacelar,M
uyara,F
apoédia,F
adonai,M
kristopher,M
wolf,M
leônia,F
gale,F
jessamina,F
xayane,F
charissa,F
henrike,M
hekele,F
marcela,F
jásper,M
nick,M
omar,M
firmino,M
celma,F
anaide,F
madel,F
anni,F
cembira,F
araíba,M
eliza,F
cilene,F
antimáco,M
gomer,M
loteno,M
heiko,M
ximena,F
cassiano,M
arduíno,M
cunha,M
milton,M
wesley,M
escolástico,M
lafaiete,F
anêmola,F
crispin,M
nino,M
jeová,M
ogden,M
khadija,F
simonette,M
horácia,F
serge,M
adílio,M
genara,F
reid,M
christianna,F
donizete,M
georg,M
sarah,F
júlio,M
nicias,F
mazzaroti,M
mebahel,M
filinto,M
juaci,M
lani,F
elga,F
noa,F
ingride,F
kazumi,M
mahara,F
piraju,M
felipe,M
estefânia,F
camilo,M
nataniel,M
federigo,M
otto,M
emélia,F
almir,M
gabriele,F
jacir,M
érika,F
taléia,F
gil,M
gilmara,F
andina,F
esaú,M
elise,F
garth,M
winikeneke,M
balbo,M
cassiane,F
jhon,M
moraes,M
iaceê,F
arlina,F
zelotes,M
pedro,M
alcindo,M
icanor,M
ghislaine,F
poliana,F
aquílio,M
keike,F
rayane,F
camena,F
malcolm,M
virgulino,M
clarimunda,F
gislaim,F
erê,F
pamplona,F
macária,F
essoby,M
carrie,F
weston,M
adolar,M
marinalva,F
quintana,M
bertoli,M
alekena,F
alapaki,M
anícia,F
torrance,M
eva,F
kini,M
ione,F
rhett,M
zeferino,M
florisvaldo,M
raj,M
debra,F
ênio,M
xuxa,F
marla,F
mazagão,M
baltazar,M
agatocles,M
robert,M
antonina,F
max,M
francisca,F
caio,M
olívio,M
celino,M
dalmiro,M
akamu,M
elinor,M
eglantina,F
fabiane,F
idomeneu,M
lidya,F
bertoldo,M
capitolina,F
euquenor,M
zaina,F
gardênia,F
cristo,M
janet,F
calebe,M
egídio,M
andreza,F
klaus,M
vismara,F
belmonte,M
laurel,M
róbby,M
ximenes,M
rochelle,F
mikhail,M
carmélia,F
leonídio,M
astra,F
fagner,M
enrique,M
núncia,F
ingrid,F
amorim,M
nicolas,M
hiero,M
quental,M
andreina,F
avner,M
tônia,F
tatiane,F
bedelia,F
lokele,F
adalton,M
hana,F
colares,F
edwiges,F
danuta,F
jolene,F
kamala,M
orítia,M
pero,M
yonara,F
nicodemus,M
gotardo,M
pina,F
nicanor,M
esmond,M
ben-hur,M
ernâni,M
iza,F
actéia,F
destiny,F
acácia,F
cercion,M
florentino,M
renesmée,F
abrão,M
dwayne,M
leuce,M
mirelle,F
edilaine,F
simeon,M
rider,M
amabel,F
oquira,M
emir,M
juliana,F
nilza,F
cesarino,M
lucena,F
étel,M
nestor,M
hermenegildo,M
aírton,M
shandar,M
kazuaki,M
hidetaka,M
juanita,F
benigno,M
nilma,F
astride,M
florência,F
fuyuki,F
mikaela,F
muciano,M
alistair,M
lina,F
roberval,M
ibitira,F
harrisson,M
briseu,M
anselma,F
amana,F
pérside,M
maxwel,M
sinead,M
adina,F
clodovil,M
teófilo,M
grete,F
rosinha,F
ipê,F
glória,F
salvatore,M
calidora,F
lyandra,F
iabá,F
mainara,F
lola,M
alawara,F
zorah,F
michela,F
pádua,M
egberto,M
eni,F
jetro,M
bertina,F
magno,M
yarin,F
savino,M
djamira,F
keli,F
santos,M
nahan,M
oneida,F
frontin,M
elsie,F
zehava,F
alikia,F
penalvo,M
zev,M
henoheno,M
uólace,M
naamã,M
geísa,F
edith,F
william,M
deborah,F
obeíma,M
juarana,F
koma,M
hanauhou,M
solimão,M
caleb,M
victor,M
epona,F
colomano,M
sampson,M
desiré,F
rudi,F
adigênio,M
emiliana,F
genésia,F
andrelina,F
françois,M
ygor,M
élida,F
guaíra,F
rafi,M
géssica,F
harold,M
estevam,M
asher,F
peregrino,M
volúpia,M
eumelo,M
aramis,M
adamo,M
socorro,F
pamela,F
arabi,F
aéneas,M
lombardi,M
petrônio,M
cleônides,M
victorius,M
maxine,F
odin,M
serafim,M
ercílio,M
olinda,F
dimitre,M
akeneki,F
fulton,M
émile,M
cecília,F
laudemir,M
einar,M
mari,F
ribeiro,M
odória,F
takashi,M
galvão,M
maomé,M
rezon,M
hipólita,F
jerema,F
tyler,M
magnus,M
uzias,M
taciatã,F
zeca,M
keki,F
udalrico,M
cris,F
lokelani,F
alves,M
kauã,M
zadeão,M
kelvin,M
raruama,F
virgílio,M
calígula,M
mâncio,M
ubirajara,M
aderbal,M
lena,F
perez,M
jório,M
alcandro,M
stella,F
roaldo,M
eloah,F
eldred,M
sêmaco,M
anajá,F
beaumont,F
heráclio,M
maurice,M
lupicínio,M
pomona,F
nanine,F
jeremias,M
pisandro,M
aída,F
nunes,M
tomás,M
schubert,M
áquila,M
clodoveu,M
clotário,M
anúbis,M
bud,M
albino,M
hilal,M
célica,F
denise,F
walesca,F
selene,F
miracema,F
landolfo,M
vagner,M
mansur,M
jekaterina,F
bronwen,M
wendler,M
turin,M
cáon,M
ruben,M
aladino,M
rozamondo,M
danton,M
isidore,F
boaventura,M
vanderlei,M
camury,F
cipriano,M
hinata,F
palatino,M
piatã,M
adiel,M
rosimeri,F
amon,M
jamie,F
lívian,F
herádia,F
ksenia,F
celine,F
androcléia,F
clemêncio,M
alef,M
agapenor,M
susi,F
fábio,M
karly,F
grace,F
izolina,F
munhoz,M
agnaldo,M
nupeba,M
isaque,M
xarif,M
backer,M
kristal,F
palakiko,M
argentino,M
laerte,M
sinclair,M
justiniano,M
tirsa,F
laurino,M
casey,M
palani,F
marisia,F
adelmarina,F
páris,M
morpheu,M
nazariela,F
penélope,F
iberê,M
adonaide,F
silas,M
isolda,F
gleice,F
héracles,M
yris,F
désirée,F
marathon,M
adelfa,F
dante,M
tácito,M
piedade,M
lupicínia,F
gabriely,F
nil,M
neemias,M
joamar,M
alabá,M
guálter,M
ipuã,F
deus,M
lahetô,M
eilen,F
canindé,M
lecanora,F
balster,M
hiroshi,M
bogdan,M
himineu,M
aniceto,M
diocles,M
roldão,M
halina,F
piercarlo,M
salgado,M
nazareh,M
conan,M
desidério,M
alcebíades,M
flamínia,F
ezequiel,M
rá,M
javano,M
adria,F
sandy,F
ayla,F
clancy,M
cássia,F
felina,F
wade,F
amery,F
fabiano,M
blenda,F
luana,F
bill,M
nássera,F
galvino,M
kailani,F
xavier,M
platâo,M
odon,M
iguaçu,M
hiérocles,M
brunswichk,M
sadala,M
benilda,F
ararê,M
meehiel,M
apiúna,M
bernarda,F
aleka,F
constantina,F
alonso,M
winston,M
adair,M
kaia,M
perdida,F
charlene,F
dionísio,M
lorésio,M
edivaldo,M
nydia,M
joaquina,F
tagar,M
airon,M
osírio,M
andrija,F
benoit,M
preciosa,F
vincent,M
behael,M
aclima,F
eudóxio,M
schimidt,M
edésio,M
emília,F
raven,F
kara,M
kapila,M
amador,M
aimara,F
placídia,F
ettore,M
sandro,M
bonjy,M
ibaté,M
jasmine,F
carlos,M
soren,M
jônatas,M
durand,M
sêneca,M
eros,M
hildefonso,M
zelfa,F
vincenzo,M
kerensa,F
charlote,F
gumercindo,M
anor,M
upton,M
xaviera,F
neto,M
zedekiah,M
buriti,F
kalena,F
labão,M
agrécio,M
juacira,F
ágata,F
thor,M
élson,M
vehuiah,M
anderson,M
imaculada,F
salomé,F
valêncio,M
jabino,M
natalie,F
cândole,M
justine,F
yannis,M
martino,M
clair,F
bertha,F
crisanto,M
alisson,F
cíntia,F
flórida,F
pascoal,M
yahya,M
zaire,M
faros,M
ariel,M
batuel,M
wânia,F
uzi,M
gisele,F
lisiane,F
darci,M
vivá,F
ednilda,F
moreira,M
baiardo,M
brizola,M
nayra,F
ambrose,F
estéfano,M
valentim,M
estevan,M
flori,F
mateus,M
kabza,F
porchat,F
elba,F
brendo,M
anke,F
fídio,M
ioná,F
angelita,F
aldora,F
castro,M
quemuel,M
elisha,F
emanueli,F
lanete,F
araújo,M
flabela,M
pietra,F
tyrone,M
bengt,M
guarani,M
lótus,M
santana,M
marjorie,F
iseu,M
gerin,M
kimberly,F
berta,F
alfred,M
sirene,F
elmo,M
reginaldo,M
godofreda,F
pancho,M
cendi,F
barreiros,M
maximiniana,M
marcelle,F
desdêmona,F
filêmon,M
roxane,M
zadoque,M
baruc,M
odaléia,M
ifigênia,F
nascimento,M
derick,M
origenes,M
ivete,F
meliteu,M
zilá,F
kamuela,M
murana,F
kate,F
luzia,F
aristágoras,M
inaé,F
britânia,F
levindo,M
guacira,F
nefertari,F
osório,M
kana,M
uilian,M
liberatore,M
cajaty,F
addolorata,F
gamaliel,M
kailola,M
marion,M
denílson,M
evelise,F
clotilde,F
ehwina,F
majuí,M
aquias,M
celiny,F
baltar,M
faith,M
faustino,M
oriba,M
aristeu,M
faetonte,M
hipólito,M
couto,M
marceline,M
rowena,F
narceu,M
clemência,F
adelmiro,M
araciara,F
anatólio,M
apolinário,M
juan,M
kika,F
manu,M
mila,F
ormeno,M
kamilly,F
graciana,F
ivanildo,M
estênio,M
lucy,F
sonal,F
antenor,M
davidson,M
afif,M
átalo,M
miranda,F
daíra,F
cornélio,M
anésio,M
dulce,F
tansy,M
bruna,F
kanela,F
alyson,M
cynthia,F
adoriabelle,F
inêz,F
benevolo,M
constança,F
amir,M
albion,M
celimena,F
sansão,M
josefa,F
grino,M
eulina,F
roselinde,F
osvino,M
gênesis,F
zerlinda,F
dino,M
fenaio,M
fidêncio,M
geminiano,M
liuba,F
mahaoo,F
athila,M
jaguar,M
elizete,F
peke,M
pauline,F
eugênio,M
lisa,F
alceste,M
roriza,F
aaron,M
mabelle,F
aílton,M
ohana,F
maala,F
cléber,M
mênfis,M
brunella,F
marlise,F
caoilainn,M
adelino,M
ema,F
robine,M
wendel,M
elia,F
sônia,F
astor,M
vasti,F
clístenes,M
halias,F
cibele,F
erardo,M
alex,M
ápia,F
vacuna,F
duprat,M
adriane,F
mahasiah,M
ceneu,M
kellen,F
dara,F
dedan,M
zelina,F
bayer,M
inácia,F
cátia,F
ataléia,F
zarina,F
ashley,F
micaele,F
halehale,M
betânia,F
plácida,F
ivair,M
lício,M
zarifa,F
enrico,M
armando,M
ocrísia,F
creta,F
melahel,M
lucina,F
ilo,M
ariane,F
fragoso,M
claudemir,M
magdiel,M
acaz,M
felisa,F
neil,M
heloísa,F
tamires,F
dalziza,F
wilá,F
odemiro,M
yudi,M
regiane,F
nita,F
luciano,M
betina,F
noah,M
xantipa,M
golias,M
bridget,F
alvarenga,F
cajuru,M
avelar,M
walquíria,F
domênico,M
boyd,M
deodoro,M
rex,M
jepiara,M
knut,M
astêmio,M
matilda,F
salvalus,M
petroski,M
aeropa,F
magnólia,F
georges,M
margarit,F
rafiq,M
elenice,F
argaios,M
jackson,M
noemi,F
adrastéia,F
fauno,M
raphael,M
marluce,F
acira,F
else,F
isaura,F
amélia,F
eulálio,M
jack,M
barbie,F
mairarê,M
tecoara,M
lucilene,F
gerôncio,M
kaki,F
carolina,F
kalamela,F
eberaldo,M
nolan,M
xisto,M
jin,M
jerusa,F
ebert,M
camby,F
ajagunã,M
kurumí,F
tersandro,M
gilberto,M
barnabé,M
diná,F
neilson,M
alebion,M
sheridan,M
luma,F
toni,M
ume,M
kaleo,M
antípara,M
deniel,M
jaine,F
mair,M
epicasta,M
silvestre,M
mência,F
nathalia,F
maya,F
grania,F
polifemo,M
daciano,M
romualdo,M
chamberlaim,M
maurício,M
matheus,M
cisseu,M
rosemeire,F
palapi,F
crispim,M
ticiano,M
lali,M
grimaldi,M
blandícia,F
helbia,F
gaby,F
andresa,F
neli,F
alaúde,M
irapuã,M
jeceara,F
violeta,F
basilides,M
saião,M
natacha,F
sigmara,F
romano,M
adrovaldo,M
ambrosina,F
tolinda,F
marie,F
iasmin,F
colombina,F
arion,M
inema,F
schumacher,M
dan,M
bocaiúva,F
consuelo,F
roedel,M
jane,F
becker,M
joyce,F
lancelot,M
gleide,F
odilardo,M
elsa,F
jandira,F
beviláqua,F
ataíde,M
simone,F
franziska,F
elizabeth,F
demócrito,M